<?xml version="1.0" encoding="UTF-8"?>
<metadata modelVersion="1.1.0">
  <groupId>cn.treedeep.jmix</groupId>
  <artifactId>my-bpm-starter</artifactId>
  <version>2.0.999-SNAPSHOT</version>
  <versioning>
    <snapshot>
      <localCopy>true</localCopy>
    </snapshot>
    <lastUpdated>20230312020350</lastUpdated>
    <snapshotVersions>
      <snapshotVersion>
        <extension>pom</extension>
        <value>2.0.999-SNAPSHOT</value>
        <updated>20230312020350</updated>
      </snapshotVersion>
      <snapshotVersion>
        <extension>jar</extension>
        <value>2.0.999-SNAPSHOT</value>
        <updated>20230312020350</updated>
      </snapshotVersion>
      <snapshotVersion>
        <classifier>sources</classifier>
        <extension>jar</extension>
        <value>2.0.999-SNAPSHOT</value>
        <updated>20230312020350</updated>
      </snapshotVersion>
    </snapshotVersions>
  </versioning>
</metadata>
